{
  "version": 1,
  "author": "Anonymous maker",
  "editor": "wokwi",
  "parts": [
    { "type": "wokwi-arduino-uno", "id": "uno", "top": 0.6, "left": -115.8, "attrs": {} },
    { "type": "wokwi-rgb-led", "id": "rgb1", "top": -303.2, "left": -709.3, "attrs": {} },
    {
      "type": "wokwi-resistor",
      "id": "r1",
      "top": -207.25,
      "left": -556.8,
      "attrs": { "value": "1000" }
    }
  ],
  "connections": [
    [ "rgb1:R", "uno:9", "green", [ "v0" ] ],
    [ "rgb1:G", "uno:10", "green", [ "v0" ] ],
    [ "rgb1:B", "uno:11", "green", [ "v0" ] ],
    [ "rgb1:COM", "r1:1", "green", [ "v0" ] ],
    [ "r1:2", "uno:5V", "green", [ "v0" ] ]
  ],
  "dependencies": {}
}