{
  "version": 1,
  "author": "Anonymous maker",
  "editor": "wokwi",
  "parts": [
    { "type": "wokwi-arduino-uno", "id": "uno", "top": 0.6, "left": -115.8, "attrs": {} },
    {
      "type": "wokwi-led",
      "id": "led1",
      "top": -205.2,
      "left": -485.8,
      "attrs": { "color": "red" }
    },
    {
      "type": "wokwi-led",
      "id": "led2",
      "top": -157.2,
      "left": -485.8,
      "attrs": { "color": "red" }
    },
    {
      "type": "wokwi-led",
      "id": "led3",
      "top": -109.2,
      "left": -485.8,
      "attrs": { "color": "red" }
    },
    {
      "type": "wokwi-led",
      "id": "led4",
      "top": -70.8,
      "left": -476.2,
      "attrs": { "color": "red" }
    },
    {
      "type": "wokwi-led",
      "id": "led5",
      "top": -13.2,
      "left": -476.2,
      "attrs": { "color": "red" }
    },
    { "type": "wokwi-led", "id": "led6", "top": 54, "left": -466.6, "attrs": { "color": "red" } },
    {
      "type": "wokwi-led",
      "id": "led7",
      "top": 121.2,
      "left": -466.6,
      "attrs": { "color": "red" }
    },
    {
      "type": "wokwi-led",
      "id": "led8",
      "top": 178.8,
      "left": -466.6,
      "attrs": { "color": "red" }
    },
    {
      "type": "wokwi-resistor",
      "id": "r1",
      "top": -178.45,
      "left": -403.2,
      "attrs": { "value": "1000" }
    },
    {
      "type": "wokwi-resistor",
      "id": "r2",
      "top": -140.05,
      "left": -403.2,
      "attrs": { "value": "1000" }
    },
    {
      "type": "wokwi-resistor",
      "id": "r3",
      "top": -92.05,
      "left": -393.6,
      "attrs": { "value": "1000" }
    },
    {
      "type": "wokwi-resistor",
      "id": "r4",
      "top": -53.65,
      "left": -384,
      "attrs": { "value": "1000" }
    },
    {
      "type": "wokwi-resistor",
      "id": "r5",
      "top": 3.95,
      "left": -384,
      "attrs": { "value": "1000" }
    },
    {
      "type": "wokwi-resistor",
      "id": "r6",
      "top": 71.15,
      "left": -384,
      "attrs": { "value": "1000" }
    },
    {
      "type": "wokwi-resistor",
      "id": "r7",
      "top": 138.35,
      "left": -384,
      "attrs": { "value": "1000" }
    },
    {
      "type": "wokwi-resistor",
      "id": "r8",
      "top": 195.95,
      "left": -403.2,
      "attrs": { "value": "1000" }
    },
    { "type": "wokwi-potentiometer", "id": "pot1", "top": -222.1, "left": -48.2, "attrs": {} }
  ],
  "connections": [
    [ "pot1:GND", "uno:5V", "black", [ "h249.6", "v345.7" ] ],
    [ "pot1:SIG", "uno:A0", "green", [ "v105.6", "h210.8", "v240.1" ] ],
    [ "pot1:VCC", "uno:GND.1", "red", [ "h191.2", "v67.2", "h1.6", "v144", "h-193.9" ] ],
    [ "led1:A", "uno:2", "green", [ "v19.2", "h566.4" ] ],
    [ "led2:A", "uno:3", "green", [ "v0", "h624" ] ],
    [ "led3:A", "uno:4", "green", [ "v-48", "h556.8" ] ],
    [ "led4:A", "uno:5", "green", [ "v-67.2", "h528" ] ],
    [ "led5:A", "uno:6", "green", [ "v9.6", "h288", "v-96", "h249.6" ] ],
    [ "led6:A", "uno:7", "green", [ "v0", "h288", "v-163.2", "h230.4" ] ],
    [ "led7:A", "uno:8", "green", [ "v-19.2", "h307.2", "v-220.8", "h192" ] ],
    [ "led8:A", "uno:9", "green", [ "v-9.6", "h336", "v-249.6", "h153.6" ] ],
    [ "led1:C", "r1:1", "green", [ "v0" ] ],
    [ "led2:C", "r2:1", "green", [ "v0" ] ],
    [ "led3:C", "r3:1", "green", [ "v0" ] ],
    [ "led4:C", "r4:1", "green", [ "v0" ] ],
    [ "led5:C", "r5:1", "green", [ "v0" ] ],
    [ "led6:C", "r6:1", "green", [ "v0" ] ],
    [ "led7:C", "r7:1", "green", [ "v0" ] ],
    [ "led8:C", "r8:1", "green", [ "v0" ] ],
    [ "r1:2", "uno:GND.1", "green", [ "v0" ] ],
    [ "r2:2", "uno:GND.1", "green", [ "v0" ] ],
    [ "r3:2", "uno:GND.1", "green", [ "v0" ] ],
    [ "r5:2", "uno:GND.1", "green", [ "v0" ] ],
    [ "r6:2", "uno:GND.1", "green", [ "v0" ] ],
    [ "r7:2", "uno:GND.1", "green", [ "v0" ] ],
    [ "r8:2", "uno:GND.1", "green", [ "v0" ] ],
    [ "r4:2", "uno:GND.1", "green", [ "v0" ] ]
  ],
  "dependencies": {}
}