{
  "version": 1,
  "author": "Anonymous maker",
  "editor": "wokwi",
  "parts": [
    { "type": "wokwi-arduino-uno", "id": "uno", "top": -28.2, "left": 18.6, "attrs": {} },
    {
      "type": "wokwi-led",
      "id": "led1",
      "top": -128.4,
      "left": -236.2,
      "attrs": { "color": "red" }
    },
    {
      "type": "wokwi-led",
      "id": "led2",
      "top": -80.4,
      "left": -236.2,
      "attrs": { "color": "green" }
    },
    {
      "type": "wokwi-led",
      "id": "led3",
      "top": -22.8,
      "left": -236.2,
      "attrs": { "color": "blue" }
    },
    {
      "type": "wokwi-led",
      "id": "led4",
      "top": 44.4,
      "left": -236.2,
      "attrs": { "color": "yellow" }
    },
    {
      "type": "wokwi-led",
      "id": "led5",
      "top": 102,
      "left": -236.2,
      "attrs": { "color": "orange" }
    },
    {
      "type": "wokwi-led",
      "id": "led6",
      "top": 159.6,
      "left": -236.2,
      "attrs": { "color": "white" }
    },
    {
      "type": "wokwi-led",
      "id": "led7",
      "top": 226.8,
      "left": -236.2,
      "attrs": { "color": "purple" }
    },
    {
      "type": "wokwi-led",
      "id": "led8",
      "top": 284.4,
      "left": -236.2,
      "attrs": { "color": "magenta" }
    },
    {
      "type": "wokwi-resistor",
      "id": "r1",
      "top": 301.55,
      "left": -163.2,
      "attrs": { "value": "1000" }
    },
    {
      "type": "wokwi-resistor",
      "id": "r2",
      "top": 243.95,
      "left": -153.6,
      "attrs": { "value": "1000" }
    },
    {
      "type": "wokwi-resistor",
      "id": "r3",
      "top": 176.75,
      "left": -153.6,
      "attrs": { "value": "1000" }
    },
    {
      "type": "wokwi-resistor",
      "id": "r4",
      "top": 119.15,
      "left": -144,
      "attrs": { "value": "1000" }
    },
    {
      "type": "wokwi-resistor",
      "id": "r5",
      "top": 61.55,
      "left": -144,
      "attrs": { "value": "1000" }
    },
    {
      "type": "wokwi-resistor",
      "id": "r6",
      "top": -5.65,
      "left": -144,
      "attrs": { "value": "1000" }
    },
    {
      "type": "wokwi-resistor",
      "id": "r7",
      "top": -63.25,
      "left": -153.6,
      "attrs": { "value": "1000" }
    },
    {
      "type": "wokwi-resistor",
      "id": "r8",
      "top": -111.25,
      "left": -153.6,
      "attrs": { "value": "1000" }
    }
  ],
  "connections": [
    [ "led1:A", "r8:1", "red", [ "v0" ] ],
    [ "led2:A", "r7:1", "green", [ "v0" ] ],
    [ "led3:A", "r6:1", "blue", [ "v0" ] ],
    [ "led4:A", "r5:1", "gold", [ "v0" ] ],
    [ "led5:A", "r4:1", "orange", [ "v0" ] ],
    [ "led6:A", "r3:1", "white", [ "v0" ] ],
    [ "led7:A", "r2:1", "purple", [ "v0" ] ],
    [ "led8:A", "r1:1", "magenta", [ "v0" ] ],
    [ "led1:C", "uno:GND.1", "red", [ "v0", "h-18.8", "v-38.4", "h374.4" ] ],
    [ "led2:C", "uno:GND.1", "green", [ "v-9.6", "h-28.4", "v-38.4", "h384" ] ],
    [ "led3:C", "uno:GND.1", "blue", [ "v0", "h-28.4", "v-48", "h268.8", "v-28.8", "h115.2" ] ],
    [ "led4:C", "uno:GND.1", "gold", [ "v0", "h-28.4", "v-57.6", "h220.8", "v-96", "h163.2" ] ],
    [ "led5:C", "uno:GND.1", "orange", [ "v-9.6", "h-38", "v-48", "h240", "v-144", "h153.6" ] ],
    [ "led6:C", "uno:GND.1", "white", [ "v-9.6", "h-38", "v-48", "h259.2", "v-220.8", "h134.4" ] ],
    [ "led7:C", "uno:GND.1", "purple", [ "v0", "h-38", "v-48", "h201.6", "v-326.4", "h192" ] ],
    [
      "led8:C",
      "uno:GND.1",
      "magenta",
      [ "v-9.6", "h-47.6", "v-38.4", "h268.8", "v-384", "h134.4" ]
    ],
    [ "r8:2", "uno:2", "red", [ "v0", "h363.6" ] ],
    [ "r7:2", "uno:3", "green", [ "v-38.4", "h344.4" ] ],
    [ "r6:2", "uno:4", "blue", [ "v-76.8", "h315.6" ] ],
    [ "r5:2", "uno:5", "gold", [ "v-9.6", "h37.2", "v-124.8", "h278.4" ] ],
    [ "r4:2", "uno:6", "orange", [ "v-9.6", "h46.8", "v-172.8", "h249.6" ] ],
    [ "r3:2", "uno:7", "white", [ "v-9.6", "h85.2", "v-220.8", "h220.8" ] ],
    [ "r2:2", "uno:8", "purple", [ "v-9.6", "h104.4", "v-278.4", "h182.4" ] ],
    [ "r1:2", "uno:9", "magenta", [ "v-9.6", "h133.2", "v-326.4", "h153.6" ] ]
  ],
  "dependencies": {}
}