{
  "version": 1,
  "author": "Anonymous maker",
  "editor": "wokwi",
  "parts": [
    { "type": "wokwi-arduino-uno", "id": "uno", "top": -28.2, "left": 18.6, "attrs": {} },
    {
      "type": "wokwi-resistor",
      "id": "r1",
      "top": 43.2,
      "left": -115.75,
      "rotate": 90,
      "attrs": { "value": "1000" }
    },
    {
      "type": "wokwi-led",
      "id": "led1",
      "top": -22.8,
      "left": -188.2,
      "attrs": { "color": "red" }
    },
    {
      "type": "wokwi-led",
      "id": "led2",
      "top": -138,
      "left": -188.2,
      "attrs": { "color": "limegreen" }
    },
    {
      "type": "wokwi-led",
      "id": "led3",
      "top": -90,
      "left": -169,
      "attrs": { "color": "yellow" }
    },
    {
      "type": "wokwi-resistor",
      "id": "r2",
      "top": -130.45,
      "left": -96,
      "attrs": { "value": "1000" }
    },
    {
      "type": "wokwi-resistor",
      "id": "r3",
      "top": -53.65,
      "left": -124.8,
      "attrs": { "value": "1000" }
    }
  ],
  "connections": [
    [ "led1:A", "r1:2", "red", [ "v76.8", "h76.8" ] ],
    [ "led1:C", "uno:GND.1", "red", [ "v96", "h173.2", "v-182.4", "h134.4" ] ],
    [ "led3:A", "r3:1", "yellow", [ "v0" ] ],
    [ "r1:1", "uno:11", "red", [ "h76.8", "v-105.6", "h172.8" ] ],
    [ "r3:2", "uno:10", "yellow", [ "h1.2", "v-48", "h239.3" ] ],
    [ "r2:2", "uno:9", "limegreen", [ "v0", "h219.6" ] ],
    [ "led2:C", "uno:GND.1", "limegreen", [ "v57.6", "h298" ] ],
    [ "led3:C", "uno:GND.1", "gold", [ "v19.2", "h125.2" ] ],
    [ "led2:A", "r2:1", "limegreen", [ "v0" ] ]
  ],
  "dependencies": {}
}