{
  "version": 1,
  "author": "Anonymous maker",
  "editor": "wokwi",
  "parts": [
    { "type": "wokwi-arduino-uno", "id": "uno", "top": 0.6, "left": -115.8, "attrs": {} },
    { "type": "wokwi-led", "id": "led1", "top": -32.4, "left": -409, "attrs": { "color": "red" } },
    {
      "type": "wokwi-led",
      "id": "led2",
      "top": 169.2,
      "left": -437.8,
      "attrs": { "color": "red" }
    },
    { "type": "wokwi-led", "id": "led3", "top": 25.2, "left": -457, "attrs": { "color": "red" } },
    { "type": "wokwi-led", "id": "led4", "top": 102, "left": -418.6, "attrs": { "color": "red" } },
    {
      "type": "wokwi-resistor",
      "id": "r1",
      "top": 128.75,
      "left": -345.6,
      "attrs": { "value": "1000" }
    },
    {
      "type": "wokwi-resistor",
      "id": "r2",
      "top": 186.35,
      "left": -316.8,
      "attrs": { "value": "1000" }
    },
    {
      "type": "wokwi-resistor",
      "id": "r3",
      "top": 61.55,
      "left": -345.6,
      "attrs": { "value": "1000" }
    },
    {
      "type": "wokwi-resistor",
      "id": "r4",
      "top": -15.25,
      "left": -336,
      "attrs": { "value": "1000" }
    }
  ],
  "connections": [
    [ "led1:A", "uno:2", "green", [ "v0" ] ],
    [ "led3:A", "uno:3", "green", [ "v0" ] ],
    [ "led4:A", "uno:4", "green", [ "v0" ] ],
    [ "led2:A", "uno:5", "green", [ "v0" ] ],
    [ "led1:C", "r4:1", "green", [ "v0" ] ],
    [ "led3:C", "r3:1", "green", [ "v0" ] ],
    [ "led4:C", "r1:1", "green", [ "v0" ] ],
    [ "led2:C", "r2:1", "green", [ "v0" ] ],
    [ "r4:2", "uno:GND.1", "green", [ "v0" ] ],
    [ "r3:2", "uno:GND.1", "green", [ "v0" ] ],
    [ "r1:2", "uno:GND.1", "green", [ "v0" ] ],
    [ "r2:2", "uno:GND.1", "green", [ "v0" ] ]
  ],
  "dependencies": {}
}