{
  "version": 1,
  "author": "Anonymous maker",
  "editor": "wokwi",
  "parts": [
    { "type": "wokwi-arduino-uno", "id": "uno", "top": -28.2, "left": 18.6, "attrs": {} },
    {
      "type": "wokwi-led",
      "id": "led1",
      "top": -138,
      "left": -322.6,
      "attrs": { "color": "blue" }
    },
    {
      "type": "wokwi-pushbutton",
      "id": "btn1",
      "top": 15.8,
      "left": -307.2,
      "attrs": { "color": "green", "xray": "1" }
    },
    {
      "type": "wokwi-resistor",
      "id": "r1",
      "top": 33.6,
      "left": -202.15,
      "rotate": 90,
      "attrs": { "value": "10000" }
    },
    {
      "type": "wokwi-resistor",
      "id": "r2",
      "top": -111.25,
      "left": -201.6,
      "attrs": { "value": "220000" }
    }
  ],
  "connections": [
    [ "led1:A", "uno:13", "blue", [ "h230.4", "v76.8" ] ],
    [ "led1:C", "r2:1", "green", [ "v0", "h-18.8", "v-48", "h115.2" ] ],
    [ "r2:2", "uno:GND.1", "green", [ "v-38.4", "h277.2" ] ],
    [ "btn1:1.l", "uno:5V", "red", [ "h-38.4", "v96", "h76.8", "v76.8", "h447.4" ] ],
    [ "btn1:1.r", "uno:2", "gold", [ "v-105.6", "h499.4" ] ],
    [ "r1:2", "uno:GND.1", "green", [ "h0" ] ],
    [ "btn1:1.r", "r1:1", "green", [ "v0" ] ],
    [ "btn1:2.l", "uno:13", "blue", [ "v57.8", "h450.8" ] ]
  ],
  "dependencies": {}
}