{
  "version": 1,
  "author": "Anonymous maker",
  "editor": "wokwi",
  "parts": [
    { "type": "wokwi-arduino-uno", "id": "uno", "top": -28.2, "left": 18.6, "attrs": {} },
    {
      "type": "wokwi-led",
      "id": "led1",
      "top": -176.4,
      "left": -245.8,
      "attrs": { "color": "red" }
    },
    {
      "type": "wokwi-led",
      "id": "led2",
      "top": 15.6,
      "left": -255.4,
      "attrs": { "color": "white" }
    },
    {
      "type": "wokwi-led",
      "id": "led3",
      "top": -42,
      "left": -255.4,
      "attrs": { "color": "yellow" }
    },
    {
      "type": "wokwi-led",
      "id": "led4",
      "top": -109.2,
      "left": -255.4,
      "attrs": { "color": "blue" }
    },
    {
      "type": "wokwi-resistor",
      "id": "r1",
      "top": -159.25,
      "left": -172.8,
      "attrs": { "value": "1000" }
    },
    {
      "type": "wokwi-resistor",
      "id": "r2",
      "top": -92.05,
      "left": -182.4,
      "attrs": { "value": "1000" }
    },
    {
      "type": "wokwi-resistor",
      "id": "r3",
      "top": -24.85,
      "left": -182.4,
      "attrs": { "value": "1000" }
    },
    {
      "type": "wokwi-resistor",
      "id": "r4",
      "top": 32.75,
      "left": -182.4,
      "attrs": { "value": "1000" }
    }
  ],
  "connections": [
    [ "led1:A", "r1:1", "red", [ "v0" ] ],
    [ "led3:A", "r3:1", "gold", [ "v0" ] ],
    [ "led2:A", "r4:1", "white", [ "v0" ] ],
    [ "led4:A", "r2:1", "blue", [ "v0" ] ],
    [ "led1:C", "uno:GND.1", "red", [ "v0", "h-9.2", "v-57.6", "h364.8" ] ],
    [ "led4:C", "uno:GND.1", "blue", [ "v-9.6", "h-9.2", "v-38.4", "h374.4" ] ],
    [ "led3:C", "uno:GND.1", "yellow", [ "v0", "h-18.8", "v-67.2", "h393.6" ] ],
    [
      "led2:C",
      "uno:GND.1",
      "white",
      [ "v-9.6", "h-9.2", "v-38.4", "h220.8", "v-57.6", "h163.2" ]
    ],
    [ "r1:2", "uno:2", "red", [ "v-19.2", "h354" ] ],
    [ "r2:2", "uno:3", "blue", [ "v-9.6", "h363.6" ] ],
    [ "r3:2", "uno:4", "gold", [ "v-38.4", "h363.6" ] ],
    [ "r4:2", "uno:5", "white", [ "v0", "h66", "v-115.2", "h278.4" ] ]
  ],
  "dependencies": {}
}