{
  "version": 1,
  "author": "Anonymous maker",
  "editor": "wokwi",
  "parts": [
    { "type": "wokwi-arduino-uno", "id": "uno", "top": -28.2, "left": 18.6, "attrs": {} },
    {
      "type": "wokwi-led",
      "id": "led1",
      "top": -147.6,
      "left": -293.8,
      "attrs": { "color": "blue" }
    },
    {
      "type": "wokwi-resistor",
      "id": "r1",
      "top": -82.45,
      "left": -211.2,
      "attrs": { "value": "220000" }
    }
  ],
  "connections": [
    [ "led1:C", "r1:1", "green", [ "v0" ] ],
    [ "r1:2", "uno:GND.1", "green", [ "v-19.2", "h296.4" ] ],
    [ "led1:A", "uno:5", "green", [ "v-28.8", "h499.2" ] ]
  ],
  "dependencies": {}
}