{
  "version": 1,
  "author": "Anonymous maker",
  "editor": "wokwi",
  "parts": [
    { "type": "wokwi-arduino-uno", "id": "uno", "top": -28.2, "left": 18.6, "attrs": {} },
    {
      "type": "wokwi-resistor",
      "id": "r1",
      "top": 43.2,
      "left": -115.75,
      "rotate": 90,
      "attrs": { "value": "1000" }
    },
    {
      "type": "wokwi-led",
      "id": "led1",
      "top": -22.8,
      "left": -188.2,
      "attrs": { "color": "red" }
    }
  ],
  "connections": [
    [ "led1:A", "r1:2", "green", [ "v76.8", "h76.8" ] ],
    [ "r1:1", "uno:13", "green", [ "h0", "v-105.6", "h240" ] ],
    [ "led1:C", "uno:GND.1", "green", [ "v96", "h173.2", "v-182.4", "h134.4" ] ]
  ],
  "dependencies": {}
}